{
  "items": [
    {
      "sys": { "id": "1" },
      "fields": {
        "title": "SHOES",
        "price": 479,
        "image": { "fields": { "file": { "url": "https://images.pexels.com/photos/1464625/pexels-photo-1464625.jpeg?auto=compress&cs=tinysrgb&dpr=2&h=650&w=940" } } }
      }
    },
    {
      "sys": { "id": "2" },
      "fields": {
        "title": "JACKET",
        "price": 650,
        "image": { "fields": { "file": { "url": "https://images.pexels.com/photos/3649765/pexels-photo-3649765.jpeg?auto=compress&cs=tinysrgb&dpr=1&w=500" } } }
      }
    },
    {
      "sys": { "id": "3" },
      "fields": {
        "title": "DINNER SET",
        "price": 1149,
        "image": { "fields": { "file": { "url": "https://m.media-amazon.com/images/I/91xKbVLgdHL._AC_UL480_FMwebp_QL65_.jpg" } } }
      }
    },
    {
      "sys": { "id": "4" },
      "fields": {
        "title": "WATCH",
        "price": 580,
        "image": { "fields": { "file": { "url": "https://images.pexels.com/photos/8839887/pexels-photo-8839887.jpeg?auto=compress&cs=tinysrgb&dpr=2&h=650&w=940" } } }
      }
    },
    {
      "sys": { "id": "5" },
      "fields": {
        "title": "SMART PHONE",
        "price": 14999,
        "image": { "fields": { "file": { "url": "https://images.pexels.com/photos/6858618/pexels-photo-6858618.jpeg?auto=compress&cs=tinysrgb&dpr=2&h=650&w=940" } } }
      }
    },
    {
      "sys": { "id": "6" },
      "fields": {
        "title": "TELEVISION",
        "price": 24550,
        "image": { "fields": { "file": { "url": "https://images.pexels.com/photos/5552789/pexels-photo-5552789.jpeg?auto=compress&cs=tinysrgb&dpr=2&h=650&w=940" } } }
      }
    },
    {
      "sys": { "id": "7" },
      "fields": {
        "title": "HOODIE",
        "price": 589,
        "image": { "fields": { "file": { "url": "https://images.pexels.com/photos/4295985/pexels-photo-4295985.jpeg?auto=compress&cs=tinysrgb&dpr=1&w=500" } } }
      }
    },
    {
      "sys": { "id": "8" },
      "fields": {
        "title": "BAG",
        "price": 775,
        "image": { "fields": { "file": { "url": "https://images.pexels.com/photos/4339598/pexels-photo-4339598.jpeg?auto=compress&cs=tinysrgb&dpr=2&h=650&w=500" } } }
      }
    },
    {
      "sys": { "id": "9" },
      "fields": {
        "title": "BLANKET",
        "price": 1249,
        "image": { "fields": { "file": { "url": "https://images.pexels.com/photos/6463348/pexels-photo-6463348.jpeg?auto=compress&cs=tinysrgb&dpr=1&w=500" } } }
      }
    },
    {
      "sys": { "id": "10" },
      "fields": {
        "title": "LAPTOP",
        "price": 42549,
        "image": { "fields": { "file": { "url": "https://images.pexels.com/photos/2659939/pexels-photo-2659939.jpeg?auto=compress&cs=tinysrgb&dpr=1&w=500" } } }
      }
    },
    {
      "sys": { "id": "11" },
      "fields": {
        "title": "WASHING MACHINE",
        "price": 15499,
        "image": { "fields": { "file": { "url": "https://images.pexels.com/photos/5816934/pexels-photo-5816934.jpeg?auto=compress&cs=tinysrgb&dpr=2&h=650&w=500" } } }
      }
    },
    {
      "sys": { "id": "12" },
      "fields": {
        "title": "BED",
        "price": 21950,
        "image": { "fields": { "file": { "url": "https://images.pexels.com/photos/6606354/pexels-photo-6606354.jpeg?auto=compress&cs=tinysrgb&dpr=1&w=500" } } }
      }
    }
  ]
}
